object_location,image_small,image_thumb
/objects/col008_meridianpolice_001.jpg,/objects/small/col008_meridianpolice_001_sm.jpg,/objects/thumbs/col008_meridianpolice_001_th.jpg
/objects/col008_meridianpolice_002.jpg,/objects/small/col008_meridianpolice_002_sm.jpg,/objects/thumbs/col008_meridianpolice_002_th.jpg
/objects/col008_meridianpolice_003.jpg,/objects/small/col008_meridianpolice_003_sm.jpg,/objects/thumbs/col008_meridianpolice_003_th.jpg
/objects/col008_meridianpolice_004.jpg,/objects/small/col008_meridianpolice_004_sm.jpg,/objects/thumbs/col008_meridianpolice_004_th.jpg
/objects/col008_meridianpolice_005.jpg,/objects/small/col008_meridianpolice_005_sm.jpg,/objects/thumbs/col008_meridianpolice_005_th.jpg
/objects/col008_meridianpolice_006.jpg,/objects/small/col008_meridianpolice_006_sm.jpg,/objects/thumbs/col008_meridianpolice_006_th.jpg
/objects/col008_meridianpolice_007.jpg,/objects/small/col008_meridianpolice_007_sm.jpg,/objects/thumbs/col008_meridianpolice_007_th.jpg
/objects/col008_meridianpolice_008.jpg,/objects/small/col008_meridianpolice_008_sm.jpg,/objects/thumbs/col008_meridianpolice_008_th.jpg
/objects/col008_meridianpolice_009.jpg,/objects/small/col008_meridianpolice_009_sm.jpg,/objects/thumbs/col008_meridianpolice_009_th.jpg
/objects/col008_meridianpolice_010.jpg,/objects/small/col008_meridianpolice_010_sm.jpg,/objects/thumbs/col008_meridianpolice_010_th.jpg
/objects/col008_meridianpolice_011.jpg,/objects/small/col008_meridianpolice_011_sm.jpg,/objects/thumbs/col008_meridianpolice_011_th.jpg
/objects/col008_meridianpolice_012.jpg,/objects/small/col008_meridianpolice_012_sm.jpg,/objects/thumbs/col008_meridianpolice_012_th.jpg
/objects/col008_meridianpolice_013.jpg,/objects/small/col008_meridianpolice_013_sm.jpg,/objects/thumbs/col008_meridianpolice_013_th.jpg
/objects/col008_meridianpolice_014.jpg,/objects/small/col008_meridianpolice_014_sm.jpg,/objects/thumbs/col008_meridianpolice_014_th.jpg
/objects/col008_meridianpolice_015.jpg,/objects/small/col008_meridianpolice_015_sm.jpg,/objects/thumbs/col008_meridianpolice_015_th.jpg
/objects/col008_meridianpolice_016.jpg,/objects/small/col008_meridianpolice_016_sm.jpg,/objects/thumbs/col008_meridianpolice_016_th.jpg
/objects/col008_meridianpolice_017.jpg,/objects/small/col008_meridianpolice_017_sm.jpg,/objects/thumbs/col008_meridianpolice_017_th.jpg
/objects/col008_meridianpolice_018.jpg,/objects/small/col008_meridianpolice_018_sm.jpg,/objects/thumbs/col008_meridianpolice_018_th.jpg
/objects/col008_meridianpolice_019.jpg,/objects/small/col008_meridianpolice_019_sm.jpg,/objects/thumbs/col008_meridianpolice_019_th.jpg
/objects/col008_meridianpolice_020.jpg,/objects/small/col008_meridianpolice_020_sm.jpg,/objects/thumbs/col008_meridianpolice_020_th.jpg
/objects/col008_meridianpolice_021.jpg,/objects/small/col008_meridianpolice_021_sm.jpg,/objects/thumbs/col008_meridianpolice_021_th.jpg
/objects/col008_meridianpolice_022.jpg,/objects/small/col008_meridianpolice_022_sm.jpg,/objects/thumbs/col008_meridianpolice_022_th.jpg
/objects/col008_meridianpolice_023.jpg,/objects/small/col008_meridianpolice_023_sm.jpg,/objects/thumbs/col008_meridianpolice_023_th.jpg
/objects/col008_meridianpolice_024.jpg,/objects/small/col008_meridianpolice_024_sm.jpg,/objects/thumbs/col008_meridianpolice_024_th.jpg
/objects/col008_meridianpolice_025.jpg,/objects/small/col008_meridianpolice_025_sm.jpg,/objects/thumbs/col008_meridianpolice_025_th.jpg
/objects/col008_meridianpolice_026.jpg,/objects/small/col008_meridianpolice_026_sm.jpg,/objects/thumbs/col008_meridianpolice_026_th.jpg
/objects/col008_meridianpolice_027.jpg,/objects/small/col008_meridianpolice_027_sm.jpg,/objects/thumbs/col008_meridianpolice_027_th.jpg
/objects/col008_meridianpolice_028.jpg,/objects/small/col008_meridianpolice_028_sm.jpg,/objects/thumbs/col008_meridianpolice_028_th.jpg
/objects/col008_meridianpolice_029.jpg,/objects/small/col008_meridianpolice_029_sm.jpg,/objects/thumbs/col008_meridianpolice_029_th.jpg
/objects/col008_meridianpolice_030.jpg,/objects/small/col008_meridianpolice_030_sm.jpg,/objects/thumbs/col008_meridianpolice_030_th.jpg
/objects/col008_meridianpolice_031.jpg,/objects/small/col008_meridianpolice_031_sm.jpg,/objects/thumbs/col008_meridianpolice_031_th.jpg
/objects/col008_meridianpolice_032.jpg,/objects/small/col008_meridianpolice_032_sm.jpg,/objects/thumbs/col008_meridianpolice_032_th.jpg
/objects/col008_meridianpolice_033.jpg,/objects/small/col008_meridianpolice_033_sm.jpg,/objects/thumbs/col008_meridianpolice_033_th.jpg
/objects/col008_meridianpolice_034.jpg,/objects/small/col008_meridianpolice_034_sm.jpg,/objects/thumbs/col008_meridianpolice_034_th.jpg
/objects/col008_meridianpolice_035.jpg,/objects/small/col008_meridianpolice_035_sm.jpg,/objects/thumbs/col008_meridianpolice_035_th.jpg
/objects/col008_meridianpolice_036.jpg,/objects/small/col008_meridianpolice_036_sm.jpg,/objects/thumbs/col008_meridianpolice_036_th.jpg
/objects/col008_meridianpolice_037.jpg,/objects/small/col008_meridianpolice_037_sm.jpg,/objects/thumbs/col008_meridianpolice_037_th.jpg
/objects/col008_meridianpolice_038.jpg,/objects/small/col008_meridianpolice_038_sm.jpg,/objects/thumbs/col008_meridianpolice_038_th.jpg
/objects/col008_meridianpolice_039.jpg,/objects/small/col008_meridianpolice_039_sm.jpg,/objects/thumbs/col008_meridianpolice_039_th.jpg
/objects/col008_meridianpolice_040.jpg,/objects/small/col008_meridianpolice_040_sm.jpg,/objects/thumbs/col008_meridianpolice_040_th.jpg
/objects/col008_meridianpolice_041.jpg,/objects/small/col008_meridianpolice_041_sm.jpg,/objects/thumbs/col008_meridianpolice_041_th.jpg
/objects/col008_meridianpolice_042.jpg,/objects/small/col008_meridianpolice_042_sm.jpg,/objects/thumbs/col008_meridianpolice_042_th.jpg
/objects/col008_meridianpolice_043.jpg,/objects/small/col008_meridianpolice_043_sm.jpg,/objects/thumbs/col008_meridianpolice_043_th.jpg
/objects/col008_meridianpolice_044.jpg,/objects/small/col008_meridianpolice_044_sm.jpg,/objects/thumbs/col008_meridianpolice_044_th.jpg
/objects/col008_meridianpolice_045.jpg,/objects/small/col008_meridianpolice_045_sm.jpg,/objects/thumbs/col008_meridianpolice_045_th.jpg
/objects/col008_meridianpolice_046.jpg,/objects/small/col008_meridianpolice_046_sm.jpg,/objects/thumbs/col008_meridianpolice_046_th.jpg
/objects/col008_meridianpolice_047.jpg,/objects/small/col008_meridianpolice_047_sm.jpg,/objects/thumbs/col008_meridianpolice_047_th.jpg
/objects/col008_meridianpolice_048.jpg,/objects/small/col008_meridianpolice_048_sm.jpg,/objects/thumbs/col008_meridianpolice_048_th.jpg
/objects/col008_meridianpolice_049.jpg,/objects/small/col008_meridianpolice_049_sm.jpg,/objects/thumbs/col008_meridianpolice_049_th.jpg
/objects/col008_meridianpolice_050.jpg,/objects/small/col008_meridianpolice_050_sm.jpg,/objects/thumbs/col008_meridianpolice_050_th.jpg
/objects/col008_meridianpolice_051.jpg,/objects/small/col008_meridianpolice_051_sm.jpg,/objects/thumbs/col008_meridianpolice_051_th.jpg
/objects/col008_meridianpolice_052.jpg,/objects/small/col008_meridianpolice_052_sm.jpg,/objects/thumbs/col008_meridianpolice_052_th.jpg
/objects/col008_meridianpolice_053.jpg,/objects/small/col008_meridianpolice_053_sm.jpg,/objects/thumbs/col008_meridianpolice_053_th.jpg
/objects/col008_meridianpolice_054.jpg,/objects/small/col008_meridianpolice_054_sm.jpg,/objects/thumbs/col008_meridianpolice_054_th.jpg
/objects/col008_meridianpolice_055.jpg,/objects/small/col008_meridianpolice_055_sm.jpg,/objects/thumbs/col008_meridianpolice_055_th.jpg
/objects/col008_meridianpolice_056.jpg,/objects/small/col008_meridianpolice_056_sm.jpg,/objects/thumbs/col008_meridianpolice_056_th.jpg
/objects/col008_meridianpolice_057.jpg,/objects/small/col008_meridianpolice_057_sm.jpg,/objects/thumbs/col008_meridianpolice_057_th.jpg
/objects/col008_meridianpolice_058.jpg,/objects/small/col008_meridianpolice_058_sm.jpg,/objects/thumbs/col008_meridianpolice_058_th.jpg
/objects/col008_meridianpolice_059.jpg,/objects/small/col008_meridianpolice_059_sm.jpg,/objects/thumbs/col008_meridianpolice_059_th.jpg
/objects/col008_meridianpolice_060.jpg,/objects/small/col008_meridianpolice_060_sm.jpg,/objects/thumbs/col008_meridianpolice_060_th.jpg
/objects/col008_meridianpolice_061.jpg,/objects/small/col008_meridianpolice_061_sm.jpg,/objects/thumbs/col008_meridianpolice_061_th.jpg
/objects/col008_meridianpolice_062.jpg,/objects/small/col008_meridianpolice_062_sm.jpg,/objects/thumbs/col008_meridianpolice_062_th.jpg
/objects/col008_meridianpolice_063.jpg,/objects/small/col008_meridianpolice_063_sm.jpg,/objects/thumbs/col008_meridianpolice_063_th.jpg
/objects/col008_meridianpolice_064.jpg,/objects/small/col008_meridianpolice_064_sm.jpg,/objects/thumbs/col008_meridianpolice_064_th.jpg
/objects/col008_meridianpolice_065.jpg,/objects/small/col008_meridianpolice_065_sm.jpg,/objects/thumbs/col008_meridianpolice_065_th.jpg
/objects/col008_meridianpolice_066.jpg,/objects/small/col008_meridianpolice_066_sm.jpg,/objects/thumbs/col008_meridianpolice_066_th.jpg
/objects/col008_meridianpolice_067.jpg,/objects/small/col008_meridianpolice_067_sm.jpg,/objects/thumbs/col008_meridianpolice_067_th.jpg
/objects/col008_meridianpolice_068.jpg,/objects/small/col008_meridianpolice_068_sm.jpg,/objects/thumbs/col008_meridianpolice_068_th.jpg
/objects/col008_meridianpolice_069.jpg,/objects/small/col008_meridianpolice_069_sm.jpg,/objects/thumbs/col008_meridianpolice_069_th.jpg
/objects/col008_meridianpolice_070.jpg,/objects/small/col008_meridianpolice_070_sm.jpg,/objects/thumbs/col008_meridianpolice_070_th.jpg
/objects/col008_meridianpolice_071.jpg,/objects/small/col008_meridianpolice_071_sm.jpg,/objects/thumbs/col008_meridianpolice_071_th.jpg
/objects/col008_meridianpolice_072.jpg,/objects/small/col008_meridianpolice_072_sm.jpg,/objects/thumbs/col008_meridianpolice_072_th.jpg
/objects/col008_meridianpolice_073.jpg,/objects/small/col008_meridianpolice_073_sm.jpg,/objects/thumbs/col008_meridianpolice_073_th.jpg
/objects/col008_meridianpolice_074.jpg,/objects/small/col008_meridianpolice_074_sm.jpg,/objects/thumbs/col008_meridianpolice_074_th.jpg
/objects/col008_meridianpolice_075.jpg,/objects/small/col008_meridianpolice_075_sm.jpg,/objects/thumbs/col008_meridianpolice_075_th.jpg
/objects/col008_meridianpolice_076.jpg,/objects/small/col008_meridianpolice_076_sm.jpg,/objects/thumbs/col008_meridianpolice_076_th.jpg
/objects/col008_meridianpolice_077.jpg,/objects/small/col008_meridianpolice_077_sm.jpg,/objects/thumbs/col008_meridianpolice_077_th.jpg
/objects/col008_meridianpolice_078.jpg,/objects/small/col008_meridianpolice_078_sm.jpg,/objects/thumbs/col008_meridianpolice_078_th.jpg
/objects/col008_meridianpolice_079.jpg,/objects/small/col008_meridianpolice_079_sm.jpg,/objects/thumbs/col008_meridianpolice_079_th.jpg
/objects/col008_meridianpolice_080.jpg,/objects/small/col008_meridianpolice_080_sm.jpg,/objects/thumbs/col008_meridianpolice_080_th.jpg
/objects/col008_meridianpolice_081.jpg,/objects/small/col008_meridianpolice_081_sm.jpg,/objects/thumbs/col008_meridianpolice_081_th.jpg
/objects/col008_meridianpolice_082.jpg,/objects/small/col008_meridianpolice_082_sm.jpg,/objects/thumbs/col008_meridianpolice_082_th.jpg
/objects/col008_meridianpolice_083.jpg,/objects/small/col008_meridianpolice_083_sm.jpg,/objects/thumbs/col008_meridianpolice_083_th.jpg
/objects/col008_meridianpolice_084.jpg,/objects/small/col008_meridianpolice_084_sm.jpg,/objects/thumbs/col008_meridianpolice_084_th.jpg
/objects/col008_meridianpolice_085.jpg,/objects/small/col008_meridianpolice_085_sm.jpg,/objects/thumbs/col008_meridianpolice_085_th.jpg
/objects/col008_meridianpolice_086.jpg,/objects/small/col008_meridianpolice_086_sm.jpg,/objects/thumbs/col008_meridianpolice_086_th.jpg
/objects/col008_meridianpolice_087.jpg,/objects/small/col008_meridianpolice_087_sm.jpg,/objects/thumbs/col008_meridianpolice_087_th.jpg
/objects/col008_meridianpolice_088.jpg,/objects/small/col008_meridianpolice_088_sm.jpg,/objects/thumbs/col008_meridianpolice_088_th.jpg
/objects/col008_meridianpolice_089.jpg,/objects/small/col008_meridianpolice_089_sm.jpg,/objects/thumbs/col008_meridianpolice_089_th.jpg
/objects/col008_meridianpolice_090.jpg,/objects/small/col008_meridianpolice_090_sm.jpg,/objects/thumbs/col008_meridianpolice_090_th.jpg
/objects/col008_meridianpolice_091.jpg,/objects/small/col008_meridianpolice_091_sm.jpg,/objects/thumbs/col008_meridianpolice_091_th.jpg
/objects/col008_meridianpolice_092.jpg,/objects/small/col008_meridianpolice_092_sm.jpg,/objects/thumbs/col008_meridianpolice_092_th.jpg
/objects/col008_meridianpolice_093.jpg,/objects/small/col008_meridianpolice_093_sm.jpg,/objects/thumbs/col008_meridianpolice_093_th.jpg
/objects/col008_meridianpolice_094.jpg,/objects/small/col008_meridianpolice_094_sm.jpg,/objects/thumbs/col008_meridianpolice_094_th.jpg
/objects/col008_meridianpolice_095.jpg,/objects/small/col008_meridianpolice_095_sm.jpg,/objects/thumbs/col008_meridianpolice_095_th.jpg
/objects/col008_meridianpolice_096.jpg,/objects/small/col008_meridianpolice_096_sm.jpg,/objects/thumbs/col008_meridianpolice_096_th.jpg
/objects/col008_meridianpolice_097.jpg,/objects/small/col008_meridianpolice_097_sm.jpg,/objects/thumbs/col008_meridianpolice_097_th.jpg
/objects/col008_meridianpolice_098.jpg,/objects/small/col008_meridianpolice_098_sm.jpg,/objects/thumbs/col008_meridianpolice_098_th.jpg
/objects/col008_meridianpolice_099.jpg,/objects/small/col008_meridianpolice_099_sm.jpg,/objects/thumbs/col008_meridianpolice_099_th.jpg
/objects/col008_meridianpolice_100.jpg,/objects/small/col008_meridianpolice_100_sm.jpg,/objects/thumbs/col008_meridianpolice_100_th.jpg
/objects/col008_meridianpolice_101.jpg,/objects/small/col008_meridianpolice_101_sm.jpg,/objects/thumbs/col008_meridianpolice_101_th.jpg
/objects/col008_meridianpolice_102.jpg,/objects/small/col008_meridianpolice_102_sm.jpg,/objects/thumbs/col008_meridianpolice_102_th.jpg
/objects/col008_meridianpolice_103.jpg,/objects/small/col008_meridianpolice_103_sm.jpg,/objects/thumbs/col008_meridianpolice_103_th.jpg
/objects/col008_meridianpolice_104.jpg,/objects/small/col008_meridianpolice_104_sm.jpg,/objects/thumbs/col008_meridianpolice_104_th.jpg
/objects/col008_meridianpolice_105.jpg,/objects/small/col008_meridianpolice_105_sm.jpg,/objects/thumbs/col008_meridianpolice_105_th.jpg
/objects/col008_meridianpolice_106.jpg,/objects/small/col008_meridianpolice_106_sm.jpg,/objects/thumbs/col008_meridianpolice_106_th.jpg
/objects/col008_meridianpolice_107.jpg,/objects/small/col008_meridianpolice_107_sm.jpg,/objects/thumbs/col008_meridianpolice_107_th.jpg
/objects/col008_meridianpolice_108.jpg,/objects/small/col008_meridianpolice_108_sm.jpg,/objects/thumbs/col008_meridianpolice_108_th.jpg
/objects/col008_meridianpolice_109.jpg,/objects/small/col008_meridianpolice_109_sm.jpg,/objects/thumbs/col008_meridianpolice_109_th.jpg
/objects/col008_meridianpolice_110.jpg,/objects/small/col008_meridianpolice_110_sm.jpg,/objects/thumbs/col008_meridianpolice_110_th.jpg
/objects/col008_meridianpolice_111.jpg,/objects/small/col008_meridianpolice_111_sm.jpg,/objects/thumbs/col008_meridianpolice_111_th.jpg
/objects/col008_meridianpolice_112.jpg,/objects/small/col008_meridianpolice_112_sm.jpg,/objects/thumbs/col008_meridianpolice_112_th.jpg
/objects/col008_meridianpolice_113.jpg,/objects/small/col008_meridianpolice_113_sm.jpg,/objects/thumbs/col008_meridianpolice_113_th.jpg
/objects/col008_meridianpolice_114.jpg,/objects/small/col008_meridianpolice_114_sm.jpg,/objects/thumbs/col008_meridianpolice_114_th.jpg
/objects/col008_meridianpolice_115.jpg,/objects/small/col008_meridianpolice_115_sm.jpg,/objects/thumbs/col008_meridianpolice_115_th.jpg
/objects/col008_meridianpolice_116.jpg,/objects/small/col008_meridianpolice_116_sm.jpg,/objects/thumbs/col008_meridianpolice_116_th.jpg
/objects/col008_meridianpolice_117.jpg,/objects/small/col008_meridianpolice_117_sm.jpg,/objects/thumbs/col008_meridianpolice_117_th.jpg
/objects/col008_meridianpolice_118.jpg,/objects/small/col008_meridianpolice_118_sm.jpg,/objects/thumbs/col008_meridianpolice_118_th.jpg
/objects/col008_meridianpolice_119.jpg,/objects/small/col008_meridianpolice_119_sm.jpg,/objects/thumbs/col008_meridianpolice_119_th.jpg
/objects/col008_meridianpolice_120.jpg,/objects/small/col008_meridianpolice_120_sm.jpg,/objects/thumbs/col008_meridianpolice_120_th.jpg
/objects/col008_meridianpolice_121.jpg,/objects/small/col008_meridianpolice_121_sm.jpg,/objects/thumbs/col008_meridianpolice_121_th.jpg
/objects/col008_meridianpolice_122.jpg,/objects/small/col008_meridianpolice_122_sm.jpg,/objects/thumbs/col008_meridianpolice_122_th.jpg
/objects/col008_meridianpolice_123.jpg,/objects/small/col008_meridianpolice_123_sm.jpg,/objects/thumbs/col008_meridianpolice_123_th.jpg
/objects/col008_meridianpolice_124.jpg,/objects/small/col008_meridianpolice_124_sm.jpg,/objects/thumbs/col008_meridianpolice_124_th.jpg
/objects/col008_meridianpolice_125.jpg,/objects/small/col008_meridianpolice_125_sm.jpg,/objects/thumbs/col008_meridianpolice_125_th.jpg
/objects/col008_meridianpolice_126.jpg,/objects/small/col008_meridianpolice_126_sm.jpg,/objects/thumbs/col008_meridianpolice_126_th.jpg
/objects/col008_meridianpolice_127.jpg,/objects/small/col008_meridianpolice_127_sm.jpg,/objects/thumbs/col008_meridianpolice_127_th.jpg
/objects/col008_meridianpolice_128.jpg,/objects/small/col008_meridianpolice_128_sm.jpg,/objects/thumbs/col008_meridianpolice_128_th.jpg
/objects/col008_meridianpolice_129.jpg,/objects/small/col008_meridianpolice_129_sm.jpg,/objects/thumbs/col008_meridianpolice_129_th.jpg
/objects/col008_meridianpolice_130.jpg,/objects/small/col008_meridianpolice_130_sm.jpg,/objects/thumbs/col008_meridianpolice_130_th.jpg
/objects/col008_meridianpolice_131.jpg,/objects/small/col008_meridianpolice_131_sm.jpg,/objects/thumbs/col008_meridianpolice_131_th.jpg
/objects/col008_meridianpolice_132.jpg,/objects/small/col008_meridianpolice_132_sm.jpg,/objects/thumbs/col008_meridianpolice_132_th.jpg
/objects/col008_meridianpolice_133.jpg,/objects/small/col008_meridianpolice_133_sm.jpg,/objects/thumbs/col008_meridianpolice_133_th.jpg
/objects/col008_meridianpolice_134.jpg,/objects/small/col008_meridianpolice_134_sm.jpg,/objects/thumbs/col008_meridianpolice_134_th.jpg
/objects/col008_meridianpolice_135.jpg,/objects/small/col008_meridianpolice_135_sm.jpg,/objects/thumbs/col008_meridianpolice_135_th.jpg
/objects/col008_meridianpolice_136.jpg,/objects/small/col008_meridianpolice_136_sm.jpg,/objects/thumbs/col008_meridianpolice_136_th.jpg
/objects/col008_meridianpolice_137.jpg,/objects/small/col008_meridianpolice_137_sm.jpg,/objects/thumbs/col008_meridianpolice_137_th.jpg
/objects/col008_meridianpolice_138.jpg,/objects/small/col008_meridianpolice_138_sm.jpg,/objects/thumbs/col008_meridianpolice_138_th.jpg
/objects/col008_meridianpolice_139.jpg,/objects/small/col008_meridianpolice_139_sm.jpg,/objects/thumbs/col008_meridianpolice_139_th.jpg
/objects/col008_meridianpolice_140.jpg,/objects/small/col008_meridianpolice_140_sm.jpg,/objects/thumbs/col008_meridianpolice_140_th.jpg
/objects/col008_meridianpolice_141.jpg,/objects/small/col008_meridianpolice_141_sm.jpg,/objects/thumbs/col008_meridianpolice_141_th.jpg
/objects/col008_meridianpolice_142.jpg,/objects/small/col008_meridianpolice_142_sm.jpg,/objects/thumbs/col008_meridianpolice_142_th.jpg
/objects/col008_meridianpolice_143.jpg,/objects/small/col008_meridianpolice_143_sm.jpg,/objects/thumbs/col008_meridianpolice_143_th.jpg
/objects/col008_meridianpolice_144.jpg,/objects/small/col008_meridianpolice_144_sm.jpg,/objects/thumbs/col008_meridianpolice_144_th.jpg
/objects/col008_meridianpolice_145.jpg,/objects/small/col008_meridianpolice_145_sm.jpg,/objects/thumbs/col008_meridianpolice_145_th.jpg
/objects/col008_meridianpolice_146.jpg,/objects/small/col008_meridianpolice_146_sm.jpg,/objects/thumbs/col008_meridianpolice_146_th.jpg
/objects/col008_meridianpolice_147.jpg,/objects/small/col008_meridianpolice_147_sm.jpg,/objects/thumbs/col008_meridianpolice_147_th.jpg
/objects/col008_meridianpolice_148.jpg,/objects/small/col008_meridianpolice_148_sm.jpg,/objects/thumbs/col008_meridianpolice_148_th.jpg
/objects/col008_meridianpolice_149.jpg,/objects/small/col008_meridianpolice_149_sm.jpg,/objects/thumbs/col008_meridianpolice_149_th.jpg
/objects/col008_meridianpolice_150.jpg,/objects/small/col008_meridianpolice_150_sm.jpg,/objects/thumbs/col008_meridianpolice_150_th.jpg
/objects/col008_meridianpolice_151.jpg,/objects/small/col008_meridianpolice_151_sm.jpg,/objects/thumbs/col008_meridianpolice_151_th.jpg
/objects/col008_meridianpolice_152.jpg,/objects/small/col008_meridianpolice_152_sm.jpg,/objects/thumbs/col008_meridianpolice_152_th.jpg
/objects/col008_meridianpolice_153.jpg,/objects/small/col008_meridianpolice_153_sm.jpg,/objects/thumbs/col008_meridianpolice_153_th.jpg
/objects/col008_meridianpolice_154.jpg,/objects/small/col008_meridianpolice_154_sm.jpg,/objects/thumbs/col008_meridianpolice_154_th.jpg
/objects/col008_meridianpolice_155.jpg,/objects/small/col008_meridianpolice_155_sm.jpg,/objects/thumbs/col008_meridianpolice_155_th.jpg
/objects/col008_meridianpolice_156.jpg,/objects/small/col008_meridianpolice_156_sm.jpg,/objects/thumbs/col008_meridianpolice_156_th.jpg
/objects/col008_meridianpolice_157.jpg,/objects/small/col008_meridianpolice_157_sm.jpg,/objects/thumbs/col008_meridianpolice_157_th.jpg
/objects/col008_meridianpolice_158.jpg,/objects/small/col008_meridianpolice_158_sm.jpg,/objects/thumbs/col008_meridianpolice_158_th.jpg
/objects/col008_meridianpolice_159.jpg,/objects/small/col008_meridianpolice_159_sm.jpg,/objects/thumbs/col008_meridianpolice_159_th.jpg
/objects/col008_meridianpolice_160.jpg,/objects/small/col008_meridianpolice_160_sm.jpg,/objects/thumbs/col008_meridianpolice_160_th.jpg
/objects/col008_meridianpolice_161.jpg,/objects/small/col008_meridianpolice_161_sm.jpg,/objects/thumbs/col008_meridianpolice_161_th.jpg
/objects/col008_meridianpolice_162.jpg,/objects/small/col008_meridianpolice_162_sm.jpg,/objects/thumbs/col008_meridianpolice_162_th.jpg
/objects/col008_meridianpolice_163.jpg,/objects/small/col008_meridianpolice_163_sm.jpg,/objects/thumbs/col008_meridianpolice_163_th.jpg
/objects/col008_meridianpolice_164.jpg,/objects/small/col008_meridianpolice_164_sm.jpg,/objects/thumbs/col008_meridianpolice_164_th.jpg
/objects/col008_meridianpolice_165.jpg,/objects/small/col008_meridianpolice_165_sm.jpg,/objects/thumbs/col008_meridianpolice_165_th.jpg
/objects/col008_meridianpolice_166.jpg,/objects/small/col008_meridianpolice_166_sm.jpg,/objects/thumbs/col008_meridianpolice_166_th.jpg
/objects/col008_meridianpolice_167.jpg,/objects/small/col008_meridianpolice_167_sm.jpg,/objects/thumbs/col008_meridianpolice_167_th.jpg
/objects/col008_meridianpolice_168.jpg,/objects/small/col008_meridianpolice_168_sm.jpg,/objects/thumbs/col008_meridianpolice_168_th.jpg
/objects/col008_meridianpolice_169.jpg,/objects/small/col008_meridianpolice_169_sm.jpg,/objects/thumbs/col008_meridianpolice_169_th.jpg
/objects/col008_meridianpolice_170.jpg,/objects/small/col008_meridianpolice_170_sm.jpg,/objects/thumbs/col008_meridianpolice_170_th.jpg
/objects/col008_meridianpolice_171.jpg,/objects/small/col008_meridianpolice_171_sm.jpg,/objects/thumbs/col008_meridianpolice_171_th.jpg
/objects/col008_meridianpolice_172.jpg,/objects/small/col008_meridianpolice_172_sm.jpg,/objects/thumbs/col008_meridianpolice_172_th.jpg
/objects/col008_meridianpolice_173.jpg,/objects/small/col008_meridianpolice_173_sm.jpg,/objects/thumbs/col008_meridianpolice_173_th.jpg
/objects/col008_meridianpolice_174.jpg,/objects/small/col008_meridianpolice_174_sm.jpg,/objects/thumbs/col008_meridianpolice_174_th.jpg
/objects/col008_meridianpolice_175.jpg,/objects/small/col008_meridianpolice_175_sm.jpg,/objects/thumbs/col008_meridianpolice_175_th.jpg
/objects/col008_meridianpolice_176.jpg,/objects/small/col008_meridianpolice_176_sm.jpg,/objects/thumbs/col008_meridianpolice_176_th.jpg
/objects/col008_meridianpolice_177.jpg,/objects/small/col008_meridianpolice_177_sm.jpg,/objects/thumbs/col008_meridianpolice_177_th.jpg
/objects/col008_meridianpolice_178.jpg,/objects/small/col008_meridianpolice_178_sm.jpg,/objects/thumbs/col008_meridianpolice_178_th.jpg
/objects/col008_meridianpolice_179.jpg,/objects/small/col008_meridianpolice_179_sm.jpg,/objects/thumbs/col008_meridianpolice_179_th.jpg
/objects/col008_meridianpolice_180.jpg,/objects/small/col008_meridianpolice_180_sm.jpg,/objects/thumbs/col008_meridianpolice_180_th.jpg
/objects/col008_meridianpolice_181.jpg,/objects/small/col008_meridianpolice_181_sm.jpg,/objects/thumbs/col008_meridianpolice_181_th.jpg
/objects/col008_meridianpolice_182.jpg,/objects/small/col008_meridianpolice_182_sm.jpg,/objects/thumbs/col008_meridianpolice_182_th.jpg
/objects/col008_meridianpolice_183.jpg,/objects/small/col008_meridianpolice_183_sm.jpg,/objects/thumbs/col008_meridianpolice_183_th.jpg
/objects/col008_meridianpolice_184.jpg,/objects/small/col008_meridianpolice_184_sm.jpg,/objects/thumbs/col008_meridianpolice_184_th.jpg
/objects/col008_meridianpolice_185.jpg,/objects/small/col008_meridianpolice_185_sm.jpg,/objects/thumbs/col008_meridianpolice_185_th.jpg
/objects/col008_meridianpolice_186.jpg,/objects/small/col008_meridianpolice_186_sm.jpg,/objects/thumbs/col008_meridianpolice_186_th.jpg
/objects/col008_meridianpolice_187.jpg,/objects/small/col008_meridianpolice_187_sm.jpg,/objects/thumbs/col008_meridianpolice_187_th.jpg
/objects/col008_meridianpolice_188.jpg,/objects/small/col008_meridianpolice_188_sm.jpg,/objects/thumbs/col008_meridianpolice_188_th.jpg
/objects/col008_meridianpolice_189.jpg,/objects/small/col008_meridianpolice_189_sm.jpg,/objects/thumbs/col008_meridianpolice_189_th.jpg
/objects/col008_meridianpolice_190.jpg,/objects/small/col008_meridianpolice_190_sm.jpg,/objects/thumbs/col008_meridianpolice_190_th.jpg
/objects/col008_meridianpolice_191.jpg,/objects/small/col008_meridianpolice_191_sm.jpg,/objects/thumbs/col008_meridianpolice_191_th.jpg
/objects/col008_meridianpolice_192.jpg,/objects/small/col008_meridianpolice_192_sm.jpg,/objects/thumbs/col008_meridianpolice_192_th.jpg
/objects/col008_meridianpolice_193.jpg,/objects/small/col008_meridianpolice_193_sm.jpg,/objects/thumbs/col008_meridianpolice_193_th.jpg
/objects/col008_meridianpolice_194.jpg,/objects/small/col008_meridianpolice_194_sm.jpg,/objects/thumbs/col008_meridianpolice_194_th.jpg
/objects/col008_mpdtrafficaccident_1977-1989_part1.pdf,/objects/small/col008_mpdtrafficaccident_1977-1989_part1_sm.jpg,/objects/thumbs/col008_mpdtrafficaccident_1977-1989_part1_th.jpg
/objects/col008_mpdtrafficaccident_1977-1989_part2.pdf,/objects/small/col008_mpdtrafficaccident_1977-1989_part2_sm.jpg,/objects/thumbs/col008_mpdtrafficaccident_1977-1989_part2_th.jpg
/objects/col008_mpdtrafficaccident_1977-1989_part3.pdf,/objects/small/col008_mpdtrafficaccident_1977-1989_part3_sm.jpg,/objects/thumbs/col008_mpdtrafficaccident_1977-1989_part3_th.jpg
/objects/col008_mpdtrafficaccident_1977-1989_part4.pdf,/objects/small/col008_mpdtrafficaccident_1977-1989_part4_sm.jpg,/objects/thumbs/col008_mpdtrafficaccident_1977-1989_part4_th.jpg
/objects/col008_mpdtrafficaccident_1977-1989_part5.pdf,/objects/small/col008_mpdtrafficaccident_1977-1989_part5_sm.jpg,/objects/thumbs/col008_mpdtrafficaccident_1977-1989_part5_th.jpg
/objects/col008_mpdtrafficaccident_1977-1989_part6.pdf,/objects/small/col008_mpdtrafficaccident_1977-1989_part6_sm.jpg,/objects/thumbs/col008_mpdtrafficaccident_1977-1989_part6_th.jpg
/objects/col008_mpdtrafficaccident_1977-1989_part7.pdf,/objects/small/col008_mpdtrafficaccident_1977-1989_part7_sm.jpg,/objects/thumbs/col008_mpdtrafficaccident_1977-1989_part7_th.jpg
/objects/col008_mpdtrafficaccident_1977-1989_part8.pdf,/objects/small/col008_mpdtrafficaccident_1977-1989_part8_sm.jpg,/objects/thumbs/col008_mpdtrafficaccident_1977-1989_part8_th.jpg
/objects/col008_mpdtrafficaccident_1977-1989_part9.pdf,/objects/small/col008_mpdtrafficaccident_1977-1989_part9_sm.jpg,/objects/thumbs/col008_mpdtrafficaccident_1977-1989_part9_th.jpg
/objects/col008_mphinerscrapbook_part1.pdf,/objects/small/col008_mphinerscrapbook_part1_sm.jpg,/objects/thumbs/col008_mphinerscrapbook_part1_th.jpg
/objects/col008_mphinerscrapbook_part2.pdf,/objects/small/col008_mphinerscrapbook_part2_sm.jpg,/objects/thumbs/col008_mphinerscrapbook_part2_th.jpg
/objects/col008_mphinerscrapbook_part3.pdf,/objects/small/col008_mphinerscrapbook_part3_sm.jpg,/objects/thumbs/col008_mphinerscrapbook_part3_th.jpg
/objects/col008_mphinerscrapbook_part4.pdf,/objects/small/col008_mphinerscrapbook_part4_sm.jpg,/objects/thumbs/col008_mphinerscrapbook_part4_th.jpg
/objects/col008_mphinerscrapbook_part5.pdf,/objects/small/col008_mphinerscrapbook_part5_sm.jpg,/objects/thumbs/col008_mphinerscrapbook_part5_th.jpg
/objects/col008_mphinerscrapbook_part6.pdf,/objects/small/col008_mphinerscrapbook_part6_sm.jpg,/objects/thumbs/col008_mphinerscrapbook_part6_th.jpg
/objects/col008_mphinerscrapbook_part7.pdf,/objects/small/col008_mphinerscrapbook_part7_sm.jpg,/objects/thumbs/col008_mphinerscrapbook_part7_th.jpg
/objects/demo_001.jpg,/objects/small/demo_001_sm.jpg,/objects/thumbs/demo_001_th.jpg
/objects/demo_002.pdf,/objects/small/demo_002_sm.jpg,/objects/thumbs/demo_002_th.jpg
/objects/demo_003.mp3,,
/objects/demo_004.jpg,/objects/small/demo_004_sm.jpg,/objects/thumbs/demo_004_th.jpg
